txn_id,customer_id,timestamp,amount,channel,rule_score,ml_score,risk_score,risk_band,reasons
TXNa93dbf91-6,CUST00592,2026-06-28 06:32:11,195221.97,mobile,100.0,100.0,100.0,Critical,"['Login from an unrecognized device shortly before the transaction', 'Login originated from an unfamiliar / foreign geography', 'New device AND new geography correlated in the same session', '4 failed login attempt(s) just before the transaction', 'Funds sent to a new/unrecognized beneficiary', 'Transaction amount is unusually large for this profile']"
TXN4864d025-f,CUST00599,2026-06-18 03:28:53,95056.17,mobile,100.0,100.0,100.0,Critical,"['Login from an unrecognized device shortly before the transaction', 'Login originated from an unfamiliar / foreign geography', 'New device AND new geography correlated in the same session', '4 failed login attempt(s) just before the transaction', 'Funds sent to a new/unrecognized beneficiary', 'Transaction amount is unusually large for this profile']"
TXNa82762b4-7,CUST00592,2026-06-25 02:52:35,194504.67,mobile,100.0,100.0,100.0,Critical,"['Login from an unrecognized device shortly before the transaction', 'Login originated from an unfamiliar / foreign geography', 'New device AND new geography correlated in the same session', '4 failed login attempt(s) just before the transaction', 'Funds sent to a new/unrecognized beneficiary', 'Transaction amount is unusually large for this profile']"
TXN794f9276-d,CUST00166,2026-06-17 11:20:05,82246.52,web,100.0,100.0,100.0,Critical,"['Login from an unrecognized device shortly before the transaction', 'Login originated from an unfamiliar / foreign geography', 'New device AND new geography correlated in the same session', '3 failed login attempt(s) just before the transaction', 'Funds sent to a new/unrecognized beneficiary', 'Transaction amount is unusually large for this profile']"
TXN7a0ffa86-5,CUST00161,2026-06-20 17:12:13,40822.99,mobile,100.0,100.0,100.0,Critical,"['Login from an unrecognized device shortly before the transaction', 'Login originated from an unfamiliar / foreign geography', 'New device AND new geography correlated in the same session', '3 failed login attempt(s) just before the transaction', 'Funds sent to a new/unrecognized beneficiary', 'Transaction amount is unusually large for this profile']"
TXN7e83e815-9,CUST00141,2026-07-09 15:03:40,109562.48,mobile,100.0,100.0,100.0,Critical,"['Login from an unrecognized device shortly before the transaction', 'Login originated from an unfamiliar / foreign geography', 'New device AND new geography correlated in the same session', '3 failed login attempt(s) just before the transaction', 'Funds sent to a new/unrecognized beneficiary', 'Transaction amount is unusually large for this profile']"
TXNb3932fb8-4,CUST00167,2026-06-28 12:08:08,249156.54,mobile,100.0,100.0,100.0,Critical,"['Login from an unrecognized device shortly before the transaction', 'Login originated from an unfamiliar / foreign geography', 'New device AND new geography correlated in the same session', '3 failed login attempt(s) just before the transaction', 'Funds sent to a new/unrecognized beneficiary', 'Transaction amount is unusually large for this profile']"
TXN5ba62f73-e,CUST00181,2026-06-22 19:20:01,178855.52,web,100.0,100.0,100.0,Critical,"['Login from an unrecognized device shortly before the transaction', 'Login originated from an unfamiliar / foreign geography', 'New device AND new geography correlated in the same session', '2 failed login attempt(s) just before the transaction', 'Funds sent to a new/unrecognized beneficiary', 'Transaction amount is unusually large for this profile']"
TXNee265c95-9,CUST00176,2026-06-19 15:40:40,183405.84,mobile,100.0,100.0,100.0,Critical,"['Login from an unrecognized device shortly before the transaction', 'Login originated from an unfamiliar / foreign geography', 'New device AND new geography correlated in the same session', '2 failed login attempt(s) just before the transaction', 'Funds sent to a new/unrecognized beneficiary', 'Transaction amount is unusually large for this profile']"
TXN4fa87a65-0,CUST00176,2026-07-01 20:43:34,85575.43,mobile,100.0,100.0,100.0,Critical,"['Login from an unrecognized device shortly before the transaction', 'Login originated from an unfamiliar / foreign geography', 'New device AND new geography correlated in the same session', '4 failed login attempt(s) just before the transaction', 'Funds sent to a new/unrecognized beneficiary', 'Transaction amount is unusually large for this profile']"
TXN1533fe82-2,CUST00173,2026-06-22 08:05:22,81380.55,mobile,100.0,100.0,100.0,Critical,"['Login from an unrecognized device shortly before the transaction', 'Login originated from an unfamiliar / foreign geography', 'New device AND new geography correlated in the same session', '3 failed login attempt(s) just before the transaction', 'Funds sent to a new/unrecognized beneficiary', 'Transaction amount is unusually large for this profile']"
TXNdecceaea-6,CUST00191,2026-06-17 22:26:42,156095.54,mobile,100.0,100.0,100.0,Critical,"['Login from an unrecognized device shortly before the transaction', 'Login originated from an unfamiliar / foreign geography', 'New device AND new geography correlated in the same session', '2 failed login attempt(s) just before the transaction', 'Funds sent to a new/unrecognized beneficiary', 'Transaction amount is unusually large for this profile']"
TXN517fd316-2,CUST00186,2026-07-08 14:06:03,132718.27,mobile,100.0,100.0,100.0,Critical,"['Login from an unrecognized device shortly before the transaction', 'Login originated from an unfamiliar / foreign geography', 'New device AND new geography correlated in the same session', '2 failed login attempt(s) just before the transaction', 'Funds sent to a new/unrecognized beneficiary', 'Transaction amount is unusually large for this profile']"
TXN70c0a4f6-1,CUST00132,2026-07-03 14:24:26,229525.51,web,100.0,100.0,100.0,Critical,"['Login from an unrecognized device shortly before the transaction', 'Login originated from an unfamiliar / foreign geography', 'New device AND new geography correlated in the same session', '3 failed login attempt(s) just before the transaction', 'Funds sent to a new/unrecognized beneficiary', 'Transaction amount is unusually large for this profile']"
TXN6c8f8833-f,CUST00191,2026-06-30 15:59:54,78976.95,mobile,100.0,100.0,100.0,Critical,"['Login from an unrecognized device shortly before the transaction', 'Login originated from an unfamiliar / foreign geography', 'New device AND new geography correlated in the same session', '4 failed login attempt(s) just before the transaction', 'Funds sent to a new/unrecognized beneficiary', 'Transaction amount is unusually large for this profile']"
TXN4bbb2e9a-8,CUST00131,2026-07-04 20:08:36,211913.94,mobile,100.0,100.0,100.0,Critical,"['Login from an unrecognized device shortly before the transaction', 'Login originated from an unfamiliar / foreign geography', 'New device AND new geography correlated in the same session', '4 failed login attempt(s) just before the transaction', 'Funds sent to a new/unrecognized beneficiary', 'Transaction amount is unusually large for this profile']"
TXNafb144b5-6,CUST00190,2026-07-02 06:11:48,228810.39,mobile,100.0,100.0,100.0,Critical,"['Login from an unrecognized device shortly before the transaction', 'Login originated from an unfamiliar / foreign geography', 'New device AND new geography correlated in the same session', '3 failed login attempt(s) just before the transaction', 'Funds sent to a new/unrecognized beneficiary', 'Transaction amount is unusually large for this profile']"
TXNa159bef3-5,CUST00201,2026-07-07 08:42:05,89782.18,web,100.0,100.0,100.0,Critical,"['Login from an unrecognized device shortly before the transaction', 'Login originated from an unfamiliar / foreign geography', 'New device AND new geography correlated in the same session', '3 failed login attempt(s) just before the transaction', 'Funds sent to a new/unrecognized beneficiary', 'Transaction amount is unusually large for this profile']"
TXN836392b7-d,CUST00575,2026-06-25 07:48:16,85621.78,mobile,100.0,100.0,100.0,Critical,"['Login from an unrecognized device shortly before the transaction', 'Login originated from an unfamiliar / foreign geography', 'New device AND new geography correlated in the same session', '2 failed login attempt(s) just before the transaction', 'Funds sent to a new/unrecognized beneficiary', 'Transaction amount is unusually large for this profile']"
TXN0a054950-1,CUST00008,2026-06-30 05:40:50,143492.25,mobile,100.0,100.0,100.0,Critical,"['Login from an unrecognized device shortly before the transaction', 'Login originated from an unfamiliar / foreign geography', 'New device AND new geography correlated in the same session', '3 failed login attempt(s) just before the transaction', 'Funds sent to a new/unrecognized beneficiary', 'Transaction amount is unusually large for this profile']"
TXN06a4093b-4,CUST00209,2026-07-08 17:19:16,166112.74,mobile,100.0,100.0,100.0,Critical,"['Login from an unrecognized device shortly before the transaction', 'Login originated from an unfamiliar / foreign geography', 'New device AND new geography correlated in the same session', '4 failed login attempt(s) just before the transaction', 'Funds sent to a new/unrecognized beneficiary', 'Transaction amount is unusually large for this profile']"
TXN90441ec6-5,CUST00209,2026-07-14 09:16:09,246616.18,web,100.0,100.0,100.0,Critical,"['Login from an unrecognized device shortly before the transaction', 'Login originated from an unfamiliar / foreign geography', 'New device AND new geography correlated in the same session', '4 failed login attempt(s) just before the transaction', 'Funds sent to a new/unrecognized beneficiary', 'Transaction amount is unusually large for this profile']"
TXNd8bb254c-8,CUST00212,2026-06-17 21:10:46,188777.24,mobile,100.0,100.0,100.0,Critical,"['Login from an unrecognized device shortly before the transaction', 'Login originated from an unfamiliar / foreign geography', 'New device AND new geography correlated in the same session', '4 failed login attempt(s) just before the transaction', 'Funds sent to a new/unrecognized beneficiary', 'Transaction amount is unusually large for this profile']"
TXN725687c2-0,CUST00212,2026-07-06 06:57:06,224491.38,mobile,100.0,100.0,100.0,Critical,"['Login from an unrecognized device shortly before the transaction', 'Login originated from an unfamiliar / foreign geography', 'New device AND new geography correlated in the same session', '4 failed login attempt(s) just before the transaction', 'Funds sent to a new/unrecognized beneficiary', 'Transaction amount is unusually large for this profile']"
TXNf0a30219-c,CUST00219,2026-06-28 21:37:24,200303.88,web,100.0,100.0,100.0,Critical,"['Login from an unrecognized device shortly before the transaction', 'Login originated from an unfamiliar / foreign geography', 'New device AND new geography correlated in the same session', '3 failed login attempt(s) just before the transaction', 'Funds sent to a new/unrecognized beneficiary', 'Transaction amount is unusually large for this profile']"
TXN78ccd788-8,CUST00217,2026-07-11 19:52:52,94946.33,mobile,100.0,100.0,100.0,Critical,"['Login from an unrecognized device shortly before the transaction', 'Login originated from an unfamiliar / foreign geography', 'New device AND new geography correlated in the same session', '2 failed login attempt(s) just before the transaction', 'Funds sent to a new/unrecognized beneficiary', 'Transaction amount is unusually large for this profile']"
TXN8849066e-5,CUST00226,2026-06-22 23:22:18,79969.98,web,100.0,100.0,100.0,Critical,"['Login from an unrecognized device shortly before the transaction', 'Login originated from an unfamiliar / foreign geography', 'New device AND new geography correlated in the same session', '2 failed login attempt(s) just before the transaction', 'Funds sent to a new/unrecognized beneficiary', 'Transaction amount is unusually large for this profile']"
TXN888e58e7-0,CUST00227,2026-07-16 07:11:15,231236.22,mobile,100.0,100.0,100.0,Critical,"['Login from an unrecognized device shortly before the transaction', 'Login originated from an unfamiliar / foreign geography', 'New device AND new geography correlated in the same session', '4 failed login attempt(s) just before the transaction', 'Funds sent to a new/unrecognized beneficiary', 'Transaction amount is unusually large for this profile']"
TXN89b3889d-4,CUST00220,2026-07-05 20:30:38,200294.51,web,100.0,100.0,100.0,Critical,"['Login from an unrecognized device shortly before the transaction', 'Login originated from an unfamiliar / foreign geography', 'New device AND new geography correlated in the same session', '2 failed login attempt(s) just before the transaction', 'Funds sent to a new/unrecognized beneficiary', 'Transaction amount is unusually large for this profile']"
TXNa87da2af-3,CUST00228,2026-07-06 02:10:33,111582.39,mobile,100.0,100.0,100.0,Critical,"['Login from an unrecognized device shortly before the transaction', 'Login originated from an unfamiliar / foreign geography', 'New device AND new geography correlated in the same session', '2 failed login attempt(s) just before the transaction', 'Funds sent to a new/unrecognized beneficiary', 'Transaction amount is unusually large for this profile']"
TXN917bc866-6,CUST00117,2026-06-20 12:39:33,82732.26,web,100.0,100.0,100.0,Critical,"['Login from an unrecognized device shortly before the transaction', 'Login originated from an unfamiliar / foreign geography', 'New device AND new geography correlated in the same session', '4 failed login attempt(s) just before the transaction', 'Funds sent to a new/unrecognized beneficiary', 'Transaction amount is unusually large for this profile']"
TXNe5ecb9dc-d,CUST00234,2026-07-05 16:45:15,160002.03,web,100.0,100.0,100.0,Critical,"['Login from an unrecognized device shortly before the transaction', 'Login originated from an unfamiliar / foreign geography', 'New device AND new geography correlated in the same session', '4 failed login attempt(s) just before the transaction', 'Funds sent to a new/unrecognized beneficiary', 'Transaction amount is unusually large for this profile']"
TXN85915047-e,CUST00242,2026-06-23 14:51:19,39402.87,web,100.0,100.0,100.0,Critical,"['Login from an unrecognized device shortly before the transaction', 'Login originated from an unfamiliar / foreign geography', 'New device AND new geography correlated in the same session', '2 failed login attempt(s) just before the transaction', 'Funds sent to a new/unrecognized beneficiary', 'Transaction amount is unusually large for this profile']"
TXNbeb5ba0f-1,CUST00238,2026-07-03 23:35:16,117253.35,mobile,100.0,100.0,100.0,Critical,"['Login from an unrecognized device shortly before the transaction', 'Login originated from an unfamiliar / foreign geography', 'New device AND new geography correlated in the same session', '3 failed login attempt(s) just before the transaction', 'Funds sent to a new/unrecognized beneficiary', 'Transaction amount is unusually large for this profile']"
TXN63b1a52e-9,CUST00111,2026-06-16 23:34:15,52050.03,mobile,100.0,100.0,100.0,Critical,"['Login from an unrecognized device shortly before the transaction', 'Login originated from an unfamiliar / foreign geography', 'New device AND new geography correlated in the same session', '2 failed login attempt(s) just before the transaction', 'Funds sent to a new/unrecognized beneficiary', 'Transaction amount is unusually large for this profile']"
TXN902a73ae-b,CUST00112,2026-06-17 06:51:51,71874.61,web,100.0,100.0,100.0,Critical,"['Login from an unrecognized device shortly before the transaction', 'Login originated from an unfamiliar / foreign geography', 'New device AND new geography correlated in the same session', '3 failed login attempt(s) just before the transaction', 'Funds sent to a new/unrecognized beneficiary', 'Transaction amount is unusually large for this profile']"
TXN75566ff1-b,CUST00112,2026-07-08 08:56:21,52920.11,mobile,100.0,100.0,100.0,Critical,"['Login from an unrecognized device shortly before the transaction', 'Login originated from an unfamiliar / foreign geography', 'New device AND new geography correlated in the same session', '3 failed login attempt(s) just before the transaction', 'Funds sent to a new/unrecognized beneficiary', 'Transaction amount is unusually large for this profile']"
TXN3c243b45-d,CUST00110,2026-06-19 15:06:53,219326.95,mobile,100.0,100.0,100.0,Critical,"['Login from an unrecognized device shortly before the transaction', 'Login originated from an unfamiliar / foreign geography', 'New device AND new geography correlated in the same session', '3 failed login attempt(s) just before the transaction', 'Funds sent to a new/unrecognized beneficiary', 'Transaction amount is unusually large for this profile']"
TXNda2a5b5f-6,CUST00253,2026-06-30 23:24:05,52178.37,mobile,100.0,100.0,100.0,Critical,"['Login from an unrecognized device shortly before the transaction', 'Login originated from an unfamiliar / foreign geography', 'New device AND new geography correlated in the same session', '2 failed login attempt(s) just before the transaction', 'Funds sent to a new/unrecognized beneficiary', 'Transaction amount is unusually large for this profile']"
TXNf1aab637-7,CUST00265,2026-07-10 18:32:10,51282.56,web,100.0,100.0,100.0,Critical,"['Login from an unrecognized device shortly before the transaction', 'Login originated from an unfamiliar / foreign geography', 'New device AND new geography correlated in the same session', '3 failed login attempt(s) just before the transaction', 'Funds sent to a new/unrecognized beneficiary', 'Transaction amount is unusually large for this profile']"
TXN59e849b6-3,CUST00262,2026-07-03 08:02:13,217730.96,web,100.0,100.0,100.0,Critical,"['Login from an unrecognized device shortly before the transaction', 'Login originated from an unfamiliar / foreign geography', 'New device AND new geography correlated in the same session', '2 failed login attempt(s) just before the transaction', 'Funds sent to a new/unrecognized beneficiary', 'Transaction amount is unusually large for this profile']"
TXNb3700e92-9,CUST00260,2026-06-29 16:51:33,63827.8,mobile,100.0,100.0,100.0,Critical,"['Login from an unrecognized device shortly before the transaction', 'Login originated from an unfamiliar / foreign geography', 'New device AND new geography correlated in the same session', '4 failed login attempt(s) just before the transaction', 'Funds sent to a new/unrecognized beneficiary', 'Transaction amount is unusually large for this profile']"
TXN0ae4e096-2,CUST00278,2026-07-05 00:24:52,113808.45,mobile,100.0,100.0,100.0,Critical,"['Login from an unrecognized device shortly before the transaction', 'Login originated from an unfamiliar / foreign geography', 'New device AND new geography correlated in the same session', '4 failed login attempt(s) just before the transaction', 'Funds sent to a new/unrecognized beneficiary', 'Transaction amount is unusually large for this profile']"
TXN7d957e47-a,CUST00277,2026-07-03 15:35:02,128862.79,mobile,100.0,100.0,100.0,Critical,"['Login from an unrecognized device shortly before the transaction', 'Login originated from an unfamiliar / foreign geography', 'New device AND new geography correlated in the same session', '3 failed login attempt(s) just before the transaction', 'Funds sent to a new/unrecognized beneficiary', 'Transaction amount is unusually large for this profile']"
TXN924d4a86-e,CUST00277,2026-07-07 23:11:17,246881.7,web,100.0,100.0,100.0,Critical,"['Login from an unrecognized device shortly before the transaction', 'Login originated from an unfamiliar / foreign geography', 'New device AND new geography correlated in the same session', '3 failed login attempt(s) just before the transaction', 'Funds sent to a new/unrecognized beneficiary', 'Transaction amount is unusually large for this profile']"
TXN165effd1-c,CUST00291,2026-06-23 17:16:20,243571.88,mobile,100.0,100.0,100.0,Critical,"['Login from an unrecognized device shortly before the transaction', 'Login originated from an unfamiliar / foreign geography', 'New device AND new geography correlated in the same session', '2 failed login attempt(s) just before the transaction', 'Funds sent to a new/unrecognized beneficiary', 'Transaction amount is unusually large for this profile']"
TXN05e3d107-1,CUST00290,2026-06-24 09:41:00,249399.11,mobile,100.0,100.0,100.0,Critical,"['Login from an unrecognized device shortly before the transaction', 'Login originated from an unfamiliar / foreign geography', 'New device AND new geography correlated in the same session', '4 failed login attempt(s) just before the transaction', 'Funds sent to a new/unrecognized beneficiary', 'Transaction amount is unusually large for this profile']"
TXN47fefddb-f,CUST00285,2026-07-13 23:50:46,234935.29,web,100.0,100.0,100.0,Critical,"['Login from an unrecognized device shortly before the transaction', 'Login originated from an unfamiliar / foreign geography', 'New device AND new geography correlated in the same session', '4 failed login attempt(s) just before the transaction', 'Funds sent to a new/unrecognized beneficiary', 'Transaction amount is unusually large for this profile']"
TXN18d939eb-a,CUST00282,2026-06-28 18:40:23,120227.32,mobile,100.0,100.0,100.0,Critical,"['Login from an unrecognized device shortly before the transaction', 'Login originated from an unfamiliar / foreign geography', 'New device AND new geography correlated in the same session', '3 failed login attempt(s) just before the transaction', 'Funds sent to a new/unrecognized beneficiary', 'Transaction amount is unusually large for this profile']"
TXN19991b39-1,CUST00098,2026-07-09 19:44:10,223106.04,web,100.0,100.0,100.0,Critical,"['Login from an unrecognized device shortly before the transaction', 'Login originated from an unfamiliar / foreign geography', 'New device AND new geography correlated in the same session', '4 failed login attempt(s) just before the transaction', 'Funds sent to a new/unrecognized beneficiary', 'Transaction amount is unusually large for this profile']"
TXN6e43b319-f,CUST00099,2026-06-21 13:04:42,249682.9,mobile,100.0,100.0,100.0,Critical,"['Login from an unrecognized device shortly before the transaction', 'Login originated from an unfamiliar / foreign geography', 'New device AND new geography correlated in the same session', '3 failed login attempt(s) just before the transaction', 'Funds sent to a new/unrecognized beneficiary', 'Transaction amount is unusually large for this profile']"
TXN3b1f38f0-0,CUST00563,2026-07-13 06:05:40,140303.99,web,100.0,100.0,100.0,Critical,"['Login from an unrecognized device shortly before the transaction', 'Login originated from an unfamiliar / foreign geography', 'New device AND new geography correlated in the same session', '4 failed login attempt(s) just before the transaction', 'Funds sent to a new/unrecognized beneficiary', 'Transaction amount is unusually large for this profile']"
TXN8f48de0a-3,CUST00576,2026-06-27 13:38:17,133175.23,web,100.0,100.0,100.0,Critical,"['Login from an unrecognized device shortly before the transaction', 'Login originated from an unfamiliar / foreign geography', 'New device AND new geography correlated in the same session', '4 failed login attempt(s) just before the transaction', 'Funds sent to a new/unrecognized beneficiary', 'Transaction amount is unusually large for this profile']"
TXN94ca68d9-4,CUST00573,2026-07-12 06:00:52,111360.73,web,100.0,100.0,100.0,Critical,"['Login from an unrecognized device shortly before the transaction', 'Login originated from an unfamiliar / foreign geography', 'New device AND new geography correlated in the same session', '3 failed login attempt(s) just before the transaction', 'Funds sent to a new/unrecognized beneficiary', 'Transaction amount is unusually large for this profile']"
TXNc5798f5d-9,CUST00295,2026-07-02 10:49:55,180074.05,web,100.0,100.0,100.0,Critical,"['Login from an unrecognized device shortly before the transaction', 'Login originated from an unfamiliar / foreign geography', 'New device AND new geography correlated in the same session', '2 failed login attempt(s) just before the transaction', 'Funds sent to a new/unrecognized beneficiary', 'Transaction amount is unusually large for this profile']"
TXN282fbcce-8,CUST00306,2026-06-30 01:26:26,143580.82,mobile,100.0,100.0,100.0,Critical,"['Login from an unrecognized device shortly before the transaction', 'Login originated from an unfamiliar / foreign geography', 'New device AND new geography correlated in the same session', '2 failed login attempt(s) just before the transaction', 'Funds sent to a new/unrecognized beneficiary', 'Transaction amount is unusually large for this profile']"
TXN01e1af8f-8,CUST00311,2026-07-01 01:03:06,46774.21,mobile,100.0,100.0,100.0,Critical,"['Login from an unrecognized device shortly before the transaction', 'Login originated from an unfamiliar / foreign geography', 'New device AND new geography correlated in the same session', '4 failed login attempt(s) just before the transaction', 'Funds sent to a new/unrecognized beneficiary', 'Transaction amount is unusually large for this profile']"
TXNb6f957dc-a,CUST00310,2026-07-03 19:49:05,193173.08,web,100.0,100.0,100.0,Critical,"['Login from an unrecognized device shortly before the transaction', 'Login originated from an unfamiliar / foreign geography', 'New device AND new geography correlated in the same session', '4 failed login attempt(s) just before the transaction', 'Funds sent to a new/unrecognized beneficiary', 'Transaction amount is unusually large for this profile']"
TXNf91070e0-2,CUST00317,2026-06-18 18:44:36,192455.05,mobile,100.0,100.0,100.0,Critical,"['Login from an unrecognized device shortly before the transaction', 'Login originated from an unfamiliar / foreign geography', 'New device AND new geography correlated in the same session', '3 failed login attempt(s) just before the transaction', 'Funds sent to a new/unrecognized beneficiary', 'Transaction amount is unusually large for this profile']"
TXN70fbb28e-0,CUST00094,2026-07-12 08:22:20,212977.68,web,100.0,100.0,100.0,Critical,"['Login from an unrecognized device shortly before the transaction', 'Login originated from an unfamiliar / foreign geography', 'New device AND new geography correlated in the same session', '2 failed login attempt(s) just before the transaction', 'Funds sent to a new/unrecognized beneficiary', 'Transaction amount is unusually large for this profile']"
TXN0426fe7b-0,CUST00325,2026-06-22 19:31:19,218756.89,web,100.0,100.0,100.0,Critical,"['Login from an unrecognized device shortly before the transaction', 'Login originated from an unfamiliar / foreign geography', 'New device AND new geography correlated in the same session', '2 failed login attempt(s) just before the transaction', 'Funds sent to a new/unrecognized beneficiary', 'Transaction amount is unusually large for this profile']"
TXNfa1d8ded-7,CUST00326,2026-06-28 19:57:46,48122.25,web,100.0,100.0,100.0,Critical,"['Login from an unrecognized device shortly before the transaction', 'Login originated from an unfamiliar / foreign geography', 'New device AND new geography correlated in the same session', '2 failed login attempt(s) just before the transaction', 'Funds sent to a new/unrecognized beneficiary', 'Transaction amount is unusually large for this profile']"
TXNf1c2fa18-c,CUST00091,2026-07-01 06:36:04,126877.32,web,100.0,100.0,100.0,Critical,"['Login from an unrecognized device shortly before the transaction', 'Login originated from an unfamiliar / foreign geography', 'New device AND new geography correlated in the same session', '2 failed login attempt(s) just before the transaction', 'Funds sent to a new/unrecognized beneficiary', 'Transaction amount is unusually large for this profile']"
TXNb1768686-d,CUST00322,2026-06-27 10:58:48,60027.65,web,100.0,100.0,100.0,Critical,"['Login from an unrecognized device shortly before the transaction', 'Login originated from an unfamiliar / foreign geography', 'New device AND new geography correlated in the same session', '3 failed login attempt(s) just before the transaction', 'Funds sent to a new/unrecognized beneficiary', 'Transaction amount is unusually large for this profile']"
TXN5d316263-4,CUST00319,2026-06-28 17:25:35,177738.52,mobile,100.0,100.0,100.0,Critical,"['Login from an unrecognized device shortly before the transaction', 'Login originated from an unfamiliar / foreign geography', 'New device AND new geography correlated in the same session', '2 failed login attempt(s) just before the transaction', 'Funds sent to a new/unrecognized beneficiary', 'Transaction amount is unusually large for this profile']"
TXN408d5212-7,CUST00327,2026-06-18 17:44:03,191051.41,mobile,100.0,100.0,100.0,Critical,"['Login from an unrecognized device shortly before the transaction', 'Login originated from an unfamiliar / foreign geography', 'New device AND new geography correlated in the same session', '3 failed login attempt(s) just before the transaction', 'Funds sent to a new/unrecognized beneficiary', 'Transaction amount is unusually large for this profile']"
TXNaf0f134e-0,CUST00329,2026-06-30 21:20:40,161489.87,web,100.0,100.0,100.0,Critical,"['Login from an unrecognized device shortly before the transaction', 'Login originated from an unfamiliar / foreign geography', 'New device AND new geography correlated in the same session', '4 failed login attempt(s) just before the transaction', 'Funds sent to a new/unrecognized beneficiary', 'Transaction amount is unusually large for this profile']"
TXN576b67e3-e,CUST00338,2026-06-22 01:58:03,95757.03,web,100.0,100.0,100.0,Critical,"['Login from an unrecognized device shortly before the transaction', 'Login originated from an unfamiliar / foreign geography', 'New device AND new geography correlated in the same session', '3 failed login attempt(s) just before the transaction', 'Funds sent to a new/unrecognized beneficiary', 'Transaction amount is unusually large for this profile']"
TXN3a9048cc-d,CUST00018,2026-07-08 08:13:38,107124.31,mobile,100.0,100.0,100.0,Critical,"['Login from an unrecognized device shortly before the transaction', 'Login originated from an unfamiliar / foreign geography', 'New device AND new geography correlated in the same session', '3 failed login attempt(s) just before the transaction', 'Funds sent to a new/unrecognized beneficiary', 'Transaction amount is unusually large for this profile']"
TXN5f786318-3,CUST00569,2026-07-11 21:02:04,236348.57,mobile,100.0,100.0,100.0,Critical,"['Login from an unrecognized device shortly before the transaction', 'Login originated from an unfamiliar / foreign geography', 'New device AND new geography correlated in the same session', '4 failed login attempt(s) just before the transaction', 'Funds sent to a new/unrecognized beneficiary', 'Transaction amount is unusually large for this profile']"
TXN1336d4de-c,CUST00337,2026-06-24 08:08:03,246626.48,mobile,100.0,100.0,100.0,Critical,"['Login from an unrecognized device shortly before the transaction', 'Login originated from an unfamiliar / foreign geography', 'New device AND new geography correlated in the same session', '3 failed login attempt(s) just before the transaction', 'Funds sent to a new/unrecognized beneficiary', 'Transaction amount is unusually large for this profile']"
TXNc02d7e7f-9,CUST00348,2026-07-03 16:16:34,210988.3,web,100.0,100.0,100.0,Critical,"['Login from an unrecognized device shortly before the transaction', 'Login originated from an unfamiliar / foreign geography', 'New device AND new geography correlated in the same session', '2 failed login attempt(s) just before the transaction', 'Funds sent to a new/unrecognized beneficiary', 'Transaction amount is unusually large for this profile']"
TXN784aee43-1,CUST00087,2026-06-26 20:14:23,201487.48,mobile,100.0,100.0,100.0,Critical,"['Login from an unrecognized device shortly before the transaction', 'Login originated from an unfamiliar / foreign geography', 'New device AND new geography correlated in the same session', '2 failed login attempt(s) just before the transaction', 'Funds sent to a new/unrecognized beneficiary', 'Transaction amount is unusually large for this profile']"
TXNe3245730-2,CUST00341,2026-07-05 10:57:39,136691.51,mobile,100.0,100.0,100.0,Critical,"['Login from an unrecognized device shortly before the transaction', 'Login originated from an unfamiliar / foreign geography', 'New device AND new geography correlated in the same session', '4 failed login attempt(s) just before the transaction', 'Funds sent to a new/unrecognized beneficiary', 'Transaction amount is unusually large for this profile']"
TXNc7706e6d-1,CUST00352,2026-06-21 11:07:47,202027.89,web,100.0,100.0,100.0,Critical,"['Login from an unrecognized device shortly before the transaction', 'Login originated from an unfamiliar / foreign geography', 'New device AND new geography correlated in the same session', '2 failed login attempt(s) just before the transaction', 'Funds sent to a new/unrecognized beneficiary', 'Transaction amount is unusually large for this profile']"
TXNe5141d91-8,CUST00352,2026-06-26 21:26:34,118952.86,mobile,100.0,100.0,100.0,Critical,"['Login from an unrecognized device shortly before the transaction', 'Login originated from an unfamiliar / foreign geography', 'New device AND new geography correlated in the same session', '3 failed login attempt(s) just before the transaction', 'Funds sent to a new/unrecognized beneficiary', 'Transaction amount is unusually large for this profile']"
TXNb504cdaf-1,CUST00351,2026-06-22 19:09:14,204292.86,mobile,100.0,100.0,100.0,Critical,"['Login from an unrecognized device shortly before the transaction', 'Login originated from an unfamiliar / foreign geography', 'New device AND new geography correlated in the same session', '3 failed login attempt(s) just before the transaction', 'Funds sent to a new/unrecognized beneficiary', 'Transaction amount is unusually large for this profile']"
TXN676cf539-c,CUST00349,2026-07-12 15:52:52,94769.45,mobile,100.0,100.0,100.0,Critical,"['Login from an unrecognized device shortly before the transaction', 'Login originated from an unfamiliar / foreign geography', 'New device AND new geography correlated in the same session', '3 failed login attempt(s) just before the transaction', 'Funds sent to a new/unrecognized beneficiary', 'Transaction amount is unusually large for this profile']"
TXNb3322d31-d,CUST00366,2026-07-05 01:04:00,202869.39,mobile,100.0,100.0,100.0,Critical,"['Login from an unrecognized device shortly before the transaction', 'Login originated from an unfamiliar / foreign geography', 'New device AND new geography correlated in the same session', '4 failed login attempt(s) just before the transaction', 'Funds sent to a new/unrecognized beneficiary', 'Transaction amount is unusually large for this profile']"
TXN078d27e5-3,CUST00080,2026-06-30 17:49:55,80399.5,web,100.0,100.0,100.0,Critical,"['Login from an unrecognized device shortly before the transaction', 'Login originated from an unfamiliar / foreign geography', 'New device AND new geography correlated in the same session', '3 failed login attempt(s) just before the transaction', 'Funds sent to a new/unrecognized beneficiary', 'Transaction amount is unusually large for this profile']"
TXN5ed13afe-f,CUST00366,2026-07-14 21:44:45,102513.16,mobile,100.0,100.0,100.0,Critical,"['Login from an unrecognized device shortly before the transaction', 'Login originated from an unfamiliar / foreign geography', 'New device AND new geography correlated in the same session', '4 failed login attempt(s) just before the transaction', 'Funds sent to a new/unrecognized beneficiary', 'Transaction amount is unusually large for this profile']"
TXNe5a5788e-2,CUST00367,2026-06-17 05:04:50,142809.76,web,100.0,100.0,100.0,Critical,"['Login from an unrecognized device shortly before the transaction', 'Login originated from an unfamiliar / foreign geography', 'New device AND new geography correlated in the same session', '2 failed login attempt(s) just before the transaction', 'Funds sent to a new/unrecognized beneficiary', 'Transaction amount is unusually large for this profile']"
TXN1febc9af-b,CUST00020,2026-06-23 16:37:31,197225.66,mobile,100.0,100.0,100.0,Critical,"['Login from an unrecognized device shortly before the transaction', 'Login originated from an unfamiliar / foreign geography', 'New device AND new geography correlated in the same session', '3 failed login attempt(s) just before the transaction', 'Funds sent to a new/unrecognized beneficiary', 'Transaction amount is unusually large for this profile']"
TXN67f7aba4-0,CUST00552,2026-07-02 18:38:10,202632.14,mobile,100.0,100.0,100.0,Critical,"['Login from an unrecognized device shortly before the transaction', 'Login originated from an unfamiliar / foreign geography', 'New device AND new geography correlated in the same session', '4 failed login attempt(s) just before the transaction', 'Funds sent to a new/unrecognized beneficiary', 'Transaction amount is unusually large for this profile']"
TXNc70c15e3-b,CUST00016,2026-07-11 10:10:16,110404.09,mobile,100.0,100.0,100.0,Critical,"['Login from an unrecognized device shortly before the transaction', 'Login originated from an unfamiliar / foreign geography', 'New device AND new geography correlated in the same session', '3 failed login attempt(s) just before the transaction', 'Funds sent to a new/unrecognized beneficiary', 'Transaction amount is unusually large for this profile']"
TXN705faecd-2,CUST00017,2026-07-03 18:08:17,244281.56,web,100.0,100.0,100.0,Critical,"['Login from an unrecognized device shortly before the transaction', 'Login originated from an unfamiliar / foreign geography', 'New device AND new geography correlated in the same session', '4 failed login attempt(s) just before the transaction', 'Funds sent to a new/unrecognized beneficiary', 'Transaction amount is unusually large for this profile']"
TXN4a9b0dc7-9,CUST00367,2026-06-23 06:36:24,146103.54,web,100.0,100.0,100.0,Critical,"['Login from an unrecognized device shortly before the transaction', 'Login originated from an unfamiliar / foreign geography', 'New device AND new geography correlated in the same session', '2 failed login attempt(s) just before the transaction', 'Funds sent to a new/unrecognized beneficiary', 'Transaction amount is unusually large for this profile']"
TXN0d3f69ed-a,CUST00077,2026-07-09 12:06:18,156247.48,web,100.0,100.0,100.0,Critical,"['Login from an unrecognized device shortly before the transaction', 'Login originated from an unfamiliar / foreign geography', 'New device AND new geography correlated in the same session', '2 failed login attempt(s) just before the transaction', 'Funds sent to a new/unrecognized beneficiary', 'Transaction amount is unusually large for this profile']"
TXNc3dd1d6a-1,CUST00377,2026-07-01 23:34:58,210950.21,mobile,100.0,100.0,100.0,Critical,"['Login from an unrecognized device shortly before the transaction', 'Login originated from an unfamiliar / foreign geography', 'New device AND new geography correlated in the same session', '3 failed login attempt(s) just before the transaction', 'Funds sent to a new/unrecognized beneficiary', 'Transaction amount is unusually large for this profile']"
TXNa396fc57-8,CUST00378,2026-07-04 10:31:59,153680.92,web,100.0,100.0,100.0,Critical,"['Login from an unrecognized device shortly before the transaction', 'Login originated from an unfamiliar / foreign geography', 'New device AND new geography correlated in the same session', '3 failed login attempt(s) just before the transaction', 'Funds sent to a new/unrecognized beneficiary', 'Transaction amount is unusually large for this profile']"
TXN0ac22e6d-2,CUST00373,2026-07-13 00:57:55,133233.3,web,100.0,100.0,100.0,Critical,"['Login from an unrecognized device shortly before the transaction', 'Login originated from an unfamiliar / foreign geography', 'New device AND new geography correlated in the same session', '2 failed login attempt(s) just before the transaction', 'Funds sent to a new/unrecognized beneficiary', 'Transaction amount is unusually large for this profile']"
TXNe9b89caf-8,CUST00384,2026-06-24 23:55:27,136846.83,web,100.0,100.0,100.0,Critical,"['Login from an unrecognized device shortly before the transaction', 'Login originated from an unfamiliar / foreign geography', 'New device AND new geography correlated in the same session', '3 failed login attempt(s) just before the transaction', 'Funds sent to a new/unrecognized beneficiary', 'Transaction amount is unusually large for this profile']"
TXN19b627b5-4,CUST00385,2026-06-17 23:02:59,39301.11,web,100.0,100.0,100.0,Critical,"['Login from an unrecognized device shortly before the transaction', 'Login originated from an unfamiliar / foreign geography', 'New device AND new geography correlated in the same session', '3 failed login attempt(s) just before the transaction', 'Funds sent to a new/unrecognized beneficiary', 'Transaction amount is unusually large for this profile']"
TXNbd16c038-4,CUST00383,2026-07-13 07:40:31,144102.27,mobile,100.0,100.0,100.0,Critical,"['Login from an unrecognized device shortly before the transaction', 'Login originated from an unfamiliar / foreign geography', 'New device AND new geography correlated in the same session', '3 failed login attempt(s) just before the transaction', 'Funds sent to a new/unrecognized beneficiary', 'Transaction amount is unusually large for this profile']"
TXN8eb58d5c-7,CUST00381,2026-07-09 04:21:19,67874.67,mobile,100.0,100.0,100.0,Critical,"['Login from an unrecognized device shortly before the transaction', 'Login originated from an unfamiliar / foreign geography', 'New device AND new geography correlated in the same session', '2 failed login attempt(s) just before the transaction', 'Funds sent to a new/unrecognized beneficiary', 'Transaction amount is unusually large for this profile']"
TXN8b991282-3,CUST00378,2026-07-12 13:28:33,102055.85,mobile,100.0,100.0,100.0,Critical,"['Login from an unrecognized device shortly before the transaction', 'Login originated from an unfamiliar / foreign geography', 'New device AND new geography correlated in the same session', '4 failed login attempt(s) just before the transaction', 'Funds sent to a new/unrecognized beneficiary', 'Transaction amount is unusually large for this profile']"
TXN72737998-3,CUST00389,2026-07-13 15:21:40,189661.5,mobile,100.0,100.0,100.0,Critical,"['Login from an unrecognized device shortly before the transaction', 'Login originated from an unfamiliar / foreign geography', 'New device AND new geography correlated in the same session', '3 failed login attempt(s) just before the transaction', 'Funds sent to a new/unrecognized beneficiary', 'Transaction amount is unusually large for this profile']"
TXNa8dbe9a1-d,CUST00070,2026-07-09 13:38:50,244814.32,web,100.0,100.0,100.0,Critical,"['Login from an unrecognized device shortly before the transaction', 'Login originated from an unfamiliar / foreign geography', 'New device AND new geography correlated in the same session', '2 failed login attempt(s) just before the transaction', 'Funds sent to a new/unrecognized beneficiary', 'Transaction amount is unusually large for this profile']"
TXNfb3cd9c8-e,CUST00550,2026-07-09 10:50:45,187888.89,web,100.0,100.0,100.0,Critical,"['Login from an unrecognized device shortly before the transaction', 'Login originated from an unfamiliar / foreign geography', 'New device AND new geography correlated in the same session', '2 failed login attempt(s) just before the transaction', 'Funds sent to a new/unrecognized beneficiary', 'Transaction amount is unusually large for this profile']"
TXN6855a90d-0,CUST00556,2026-07-06 06:39:24,237220.24,mobile,100.0,100.0,100.0,Critical,"['Login from an unrecognized device shortly before the transaction', 'Login originated from an unfamiliar / foreign geography', 'New device AND new geography correlated in the same session', '3 failed login attempt(s) just before the transaction', 'Funds sent to a new/unrecognized beneficiary', 'Transaction amount is unusually large for this profile']"
TXN803e82de-7,CUST00557,2026-06-20 21:03:04,132800.59,web,100.0,100.0,100.0,Critical,"['Login from an unrecognized device shortly before the transaction', 'Login originated from an unfamiliar / foreign geography', 'New device AND new geography correlated in the same session', '4 failed login attempt(s) just before the transaction', 'Funds sent to a new/unrecognized beneficiary', 'Transaction amount is unusually large for this profile']"
TXN7164a9a2-c,CUST00554,2026-06-19 00:23:26,195382.44,web,100.0,100.0,100.0,Critical,"['Login from an unrecognized device shortly before the transaction', 'Login originated from an unfamiliar / foreign geography', 'New device AND new geography correlated in the same session', '2 failed login attempt(s) just before the transaction', 'Funds sent to a new/unrecognized beneficiary', 'Transaction amount is unusually large for this profile']"
TXNe004c471-8,CUST00387,2026-06-17 07:41:30,223557.57,mobile,100.0,100.0,100.0,Critical,"['Login from an unrecognized device shortly before the transaction', 'Login originated from an unfamiliar / foreign geography', 'New device AND new geography correlated in the same session', '2 failed login attempt(s) just before the transaction', 'Funds sent to a new/unrecognized beneficiary', 'Transaction amount is unusually large for this profile']"
TXNbccb296d-3,CUST00400,2026-07-10 09:35:09,92203.37,mobile,100.0,100.0,100.0,Critical,"['Login from an unrecognized device shortly before the transaction', 'Login originated from an unfamiliar / foreign geography', 'New device AND new geography correlated in the same session', '3 failed login attempt(s) just before the transaction', 'Funds sent to a new/unrecognized beneficiary', 'Transaction amount is unusually large for this profile']"
TXN16b5b5fc-1,CUST00399,2026-06-20 12:53:09,51403.11,web,100.0,100.0,100.0,Critical,"['Login from an unrecognized device shortly before the transaction', 'Login originated from an unfamiliar / foreign geography', 'New device AND new geography correlated in the same session', '3 failed login attempt(s) just before the transaction', 'Funds sent to a new/unrecognized beneficiary', 'Transaction amount is unusually large for this profile']"
TXN09572517-1,CUST00068,2026-06-25 19:33:43,40725.81,web,100.0,100.0,100.0,Critical,"['Login from an unrecognized device shortly before the transaction', 'Login originated from an unfamiliar / foreign geography', 'New device AND new geography correlated in the same session', '4 failed login attempt(s) just before the transaction', 'Funds sent to a new/unrecognized beneficiary', 'Transaction amount is unusually large for this profile']"
TXN555b9d60-8,CUST00396,2026-07-03 23:21:50,197072.65,web,100.0,100.0,100.0,Critical,"['Login from an unrecognized device shortly before the transaction', 'Login originated from an unfamiliar / foreign geography', 'New device AND new geography correlated in the same session', '3 failed login attempt(s) just before the transaction', 'Funds sent to a new/unrecognized beneficiary', 'Transaction amount is unusually large for this profile']"
TXNc3f67602-0,CUST00409,2026-07-02 15:10:33,233147.06,mobile,100.0,100.0,100.0,Critical,"['Login from an unrecognized device shortly before the transaction', 'Login originated from an unfamiliar / foreign geography', 'New device AND new geography correlated in the same session', '4 failed login attempt(s) just before the transaction', 'Funds sent to a new/unrecognized beneficiary', 'Transaction amount is unusually large for this profile']"
TXNa5c5afe1-8,CUST00410,2026-06-29 21:41:33,129076.54,mobile,100.0,100.0,100.0,Critical,"['Login from an unrecognized device shortly before the transaction', 'Login originated from an unfamiliar / foreign geography', 'New device AND new geography correlated in the same session', '3 failed login attempt(s) just before the transaction', 'Funds sent to a new/unrecognized beneficiary', 'Transaction amount is unusually large for this profile']"
TXNaa000756-5,CUST00066,2026-07-14 22:49:56,141855.64,mobile,100.0,100.0,100.0,Critical,"['Login from an unrecognized device shortly before the transaction', 'Login originated from an unfamiliar / foreign geography', 'New device AND new geography correlated in the same session', '2 failed login attempt(s) just before the transaction', 'Funds sent to a new/unrecognized beneficiary', 'Transaction amount is unusually large for this profile']"
TXNc1a8a33b-6,CUST00415,2026-06-29 03:47:11,146301.99,mobile,100.0,100.0,100.0,Critical,"['Login from an unrecognized device shortly before the transaction', 'Login originated from an unfamiliar / foreign geography', 'New device AND new geography correlated in the same session', '2 failed login attempt(s) just before the transaction', 'Funds sent to a new/unrecognized beneficiary', 'Transaction amount is unusually large for this profile']"
TXNf5f5431f-4,CUST00415,2026-06-29 11:09:58,153860.6,mobile,100.0,100.0,100.0,Critical,"['Login from an unrecognized device shortly before the transaction', 'Login originated from an unfamiliar / foreign geography', 'New device AND new geography correlated in the same session', '3 failed login attempt(s) just before the transaction', 'Funds sent to a new/unrecognized beneficiary', 'Transaction amount is unusually large for this profile']"
TXNf23657ec-5,CUST00416,2026-06-26 04:16:51,82645.56,web,100.0,100.0,100.0,Critical,"['Login from an unrecognized device shortly before the transaction', 'Login originated from an unfamiliar / foreign geography', 'New device AND new geography correlated in the same session', '4 failed login attempt(s) just before the transaction', 'Funds sent to a new/unrecognized beneficiary', 'Transaction amount is unusually large for this profile']"
TXNae1c64c6-9,CUST00421,2026-06-27 06:43:05,121930.12,web,100.0,100.0,100.0,Critical,"['Login from an unrecognized device shortly before the transaction', 'Login originated from an unfamiliar / foreign geography', 'New device AND new geography correlated in the same session', '4 failed login attempt(s) just before the transaction', 'Funds sent to a new/unrecognized beneficiary', 'Transaction amount is unusually large for this profile']"
TXN6295b041-4,CUST00540,2026-07-10 00:32:42,181831.63,web,100.0,100.0,100.0,Critical,"['Login from an unrecognized device shortly before the transaction', 'Login originated from an unfamiliar / foreign geography', 'New device AND new geography correlated in the same session', '2 failed login attempt(s) just before the transaction', 'Funds sent to a new/unrecognized beneficiary', 'Transaction amount is unusually large for this profile']"
TXN4f39a47f-b,CUST00551,2026-06-27 23:48:37,77368.66,web,100.0,100.0,100.0,Critical,"['Login from an unrecognized device shortly before the transaction', 'Login originated from an unfamiliar / foreign geography', 'New device AND new geography correlated in the same session', '3 failed login attempt(s) just before the transaction', 'Funds sent to a new/unrecognized beneficiary', 'Transaction amount is unusually large for this profile']"
TXN0daba507-1,CUST00427,2026-07-09 13:35:41,185228.18,web,100.0,100.0,100.0,Critical,"['Login from an unrecognized device shortly before the transaction', 'Login originated from an unfamiliar / foreign geography', 'New device AND new geography correlated in the same session', '3 failed login attempt(s) just before the transaction', 'Funds sent to a new/unrecognized beneficiary', 'Transaction amount is unusually large for this profile']"
TXN626cd59a-e,CUST00442,2026-06-17 07:05:25,198974.57,mobile,100.0,100.0,100.0,Critical,"['Login from an unrecognized device shortly before the transaction', 'Login originated from an unfamiliar / foreign geography', 'New device AND new geography correlated in the same session', '2 failed login attempt(s) just before the transaction', 'Funds sent to a new/unrecognized beneficiary', 'Transaction amount is unusually large for this profile']"
TXN312997af-d,CUST00436,2026-06-27 05:49:06,111656.56,web,100.0,100.0,100.0,Critical,"['Login from an unrecognized device shortly before the transaction', 'Login originated from an unfamiliar / foreign geography', 'New device AND new geography correlated in the same session', '3 failed login attempt(s) just before the transaction', 'Funds sent to a new/unrecognized beneficiary', 'Transaction amount is unusually large for this profile']"
TXN05722bc5-4,CUST00430,2026-07-04 22:54:53,172967.97,mobile,100.0,100.0,100.0,Critical,"['Login from an unrecognized device shortly before the transaction', 'Login originated from an unfamiliar / foreign geography', 'New device AND new geography correlated in the same session', '4 failed login attempt(s) just before the transaction', 'Funds sent to a new/unrecognized beneficiary', 'Transaction amount is unusually large for this profile']"
TXN02b964d6-7,CUST00443,2026-07-14 21:29:47,140342.51,mobile,100.0,100.0,100.0,Critical,"['Login from an unrecognized device shortly before the transaction', 'Login originated from an unfamiliar / foreign geography', 'New device AND new geography correlated in the same session', '3 failed login attempt(s) just before the transaction', 'Funds sent to a new/unrecognized beneficiary', 'Transaction amount is unusually large for this profile']"
TXN0ce06819-2,CUST00440,2026-06-19 18:54:01,43245.05,web,100.0,100.0,100.0,Critical,"['Login from an unrecognized device shortly before the transaction', 'Login originated from an unfamiliar / foreign geography', 'New device AND new geography correlated in the same session', '2 failed login attempt(s) just before the transaction', 'Funds sent to a new/unrecognized beneficiary', 'Transaction amount is unusually large for this profile']"
TXNfe95c8c9-c,CUST00455,2026-06-29 10:22:46,210561.95,mobile,100.0,100.0,100.0,Critical,"['Login from an unrecognized device shortly before the transaction', 'Login originated from an unfamiliar / foreign geography', 'New device AND new geography correlated in the same session', '4 failed login attempt(s) just before the transaction', 'Funds sent to a new/unrecognized beneficiary', 'Transaction amount is unusually large for this profile']"
TXN9b08725e-e,CUST00452,2026-07-06 23:57:17,54429.5,mobile,100.0,100.0,100.0,Critical,"['Login from an unrecognized device shortly before the transaction', 'Login originated from an unfamiliar / foreign geography', 'New device AND new geography correlated in the same session', '3 failed login attempt(s) just before the transaction', 'Funds sent to a new/unrecognized beneficiary', 'Transaction amount is unusually large for this profile']"
TXN62e32fa7-f,CUST00458,2026-06-19 11:18:38,245549.5,web,100.0,100.0,100.0,Critical,"['Login from an unrecognized device shortly before the transaction', 'Login originated from an unfamiliar / foreign geography', 'New device AND new geography correlated in the same session', '2 failed login attempt(s) just before the transaction', 'Funds sent to a new/unrecognized beneficiary', 'Transaction amount is unusually large for this profile']"
TXN6431d4a9-c,CUST00456,2026-06-23 03:02:17,202386.49,mobile,100.0,100.0,100.0,Critical,"['Login from an unrecognized device shortly before the transaction', 'Login originated from an unfamiliar / foreign geography', 'New device AND new geography correlated in the same session', '4 failed login attempt(s) just before the transaction', 'Funds sent to a new/unrecognized beneficiary', 'Transaction amount is unusually large for this profile']"
TXN323415b1-6,CUST00456,2026-07-03 16:19:32,225408.69,mobile,100.0,100.0,100.0,Critical,"['Login from an unrecognized device shortly before the transaction', 'Login originated from an unfamiliar / foreign geography', 'New device AND new geography correlated in the same session', '2 failed login attempt(s) just before the transaction', 'Funds sent to a new/unrecognized beneficiary', 'Transaction amount is unusually large for this profile']"
TXN0331bd0d-1,CUST00051,2026-07-06 04:44:34,154808.44,web,100.0,100.0,100.0,Critical,"['Login from an unrecognized device shortly before the transaction', 'Login originated from an unfamiliar / foreign geography', 'New device AND new geography correlated in the same session', '3 failed login attempt(s) just before the transaction', 'Funds sent to a new/unrecognized beneficiary', 'Transaction amount is unusually large for this profile']"
TXNc6bdce43-0,CUST00461,2026-07-07 03:42:31,170501.2,mobile,100.0,100.0,100.0,Critical,"['Login from an unrecognized device shortly before the transaction', 'Login originated from an unfamiliar / foreign geography', 'New device AND new geography correlated in the same session', '4 failed login attempt(s) just before the transaction', 'Funds sent to a new/unrecognized beneficiary', 'Transaction amount is unusually large for this profile']"
TXNd5411860-8,CUST00459,2026-06-21 10:37:54,49896.25,mobile,100.0,100.0,100.0,Critical,"['Login from an unrecognized device shortly before the transaction', 'Login originated from an unfamiliar / foreign geography', 'New device AND new geography correlated in the same session', '4 failed login attempt(s) just before the transaction', 'Funds sent to a new/unrecognized beneficiary', 'Transaction amount is unusually large for this profile']"
TXNcd68f11c-a,CUST00460,2026-06-22 14:51:15,159664.36,web,100.0,100.0,100.0,Critical,"['Login from an unrecognized device shortly before the transaction', 'Login originated from an unfamiliar / foreign geography', 'New device AND new geography correlated in the same session', '3 failed login attempt(s) just before the transaction', 'Funds sent to a new/unrecognized beneficiary', 'Transaction amount is unusually large for this profile']"
TXN2838c714-d,CUST00530,2026-07-09 04:30:24,69371.76,mobile,100.0,100.0,100.0,Critical,"['Login from an unrecognized device shortly before the transaction', 'Login originated from an unfamiliar / foreign geography', 'New device AND new geography correlated in the same session', '2 failed login attempt(s) just before the transaction', 'Funds sent to a new/unrecognized beneficiary', 'Transaction amount is unusually large for this profile']"
TXNdca21033-1,CUST00528,2026-07-01 16:36:57,249335.84,web,100.0,100.0,100.0,Critical,"['Login from an unrecognized device shortly before the transaction', 'Login originated from an unfamiliar / foreign geography', 'New device AND new geography correlated in the same session', '2 failed login attempt(s) just before the transaction', 'Funds sent to a new/unrecognized beneficiary', 'Transaction amount is unusually large for this profile']"
TXN84471dfa-d,CUST00544,2026-07-05 21:49:15,104186.34,web,100.0,100.0,100.0,Critical,"['Login from an unrecognized device shortly before the transaction', 'Login originated from an unfamiliar / foreign geography', 'New device AND new geography correlated in the same session', '4 failed login attempt(s) just before the transaction', 'Funds sent to a new/unrecognized beneficiary', 'Transaction amount is unusually large for this profile']"
TXNa367b563-2,CUST00456,2026-07-13 22:51:37,194761.37,web,100.0,100.0,100.0,Critical,"['Login from an unrecognized device shortly before the transaction', 'Login originated from an unfamiliar / foreign geography', 'New device AND new geography correlated in the same session', '4 failed login attempt(s) just before the transaction', 'Funds sent to a new/unrecognized beneficiary', 'Transaction amount is unusually large for this profile']"
TXN085e9e90-f,CUST00469,2026-06-20 11:26:20,145641.75,mobile,100.0,100.0,100.0,Critical,"['Login from an unrecognized device shortly before the transaction', 'Login originated from an unfamiliar / foreign geography', 'New device AND new geography correlated in the same session', '3 failed login attempt(s) just before the transaction', 'Funds sent to a new/unrecognized beneficiary', 'Transaction amount is unusually large for this profile']"
TXN0a164306-e,CUST00464,2026-07-15 18:35:10,87700.6,web,100.0,100.0,100.0,Critical,"['Login from an unrecognized device shortly before the transaction', 'Login originated from an unfamiliar / foreign geography', 'New device AND new geography correlated in the same session', '3 failed login attempt(s) just before the transaction', 'Funds sent to a new/unrecognized beneficiary', 'Transaction amount is unusually large for this profile']"
TXN21737acd-3,CUST00475,2026-06-26 21:19:12,152735.72,mobile,100.0,100.0,100.0,Critical,"['Login from an unrecognized device shortly before the transaction', 'Login originated from an unfamiliar / foreign geography', 'New device AND new geography correlated in the same session', '4 failed login attempt(s) just before the transaction', 'Funds sent to a new/unrecognized beneficiary', 'Transaction amount is unusually large for this profile']"
TXN236603b4-5,CUST00475,2026-07-04 14:55:54,86696.35,mobile,100.0,100.0,100.0,Critical,"['Login from an unrecognized device shortly before the transaction', 'Login originated from an unfamiliar / foreign geography', 'New device AND new geography correlated in the same session', '3 failed login attempt(s) just before the transaction', 'Funds sent to a new/unrecognized beneficiary', 'Transaction amount is unusually large for this profile']"
TXN3a0761d9-0,CUST00045,2026-06-28 22:35:41,136519.48,mobile,100.0,100.0,100.0,Critical,"['Login from an unrecognized device shortly before the transaction', 'Login originated from an unfamiliar / foreign geography', 'New device AND new geography correlated in the same session', '2 failed login attempt(s) just before the transaction', 'Funds sent to a new/unrecognized beneficiary', 'Transaction amount is unusually large for this profile']"
TXNf9f15e65-c,CUST00046,2026-06-17 13:02:24,105368.13,mobile,100.0,100.0,100.0,Critical,"['Login from an unrecognized device shortly before the transaction', 'Login originated from an unfamiliar / foreign geography', 'New device AND new geography correlated in the same session', '2 failed login attempt(s) just before the transaction', 'Funds sent to a new/unrecognized beneficiary', 'Transaction amount is unusually large for this profile']"
TXNd67e0f37-f,CUST00471,2026-06-22 09:36:06,227518.55,mobile,100.0,100.0,100.0,Critical,"['Login from an unrecognized device shortly before the transaction', 'Login originated from an unfamiliar / foreign geography', 'New device AND new geography correlated in the same session', '3 failed login attempt(s) just before the transaction', 'Funds sent to a new/unrecognized beneficiary', 'Transaction amount is unusually large for this profile']"
TXN2bd346cb-e,CUST00472,2026-06-18 13:14:21,152995.3,mobile,100.0,100.0,100.0,Critical,"['Login from an unrecognized device shortly before the transaction', 'Login originated from an unfamiliar / foreign geography', 'New device AND new geography correlated in the same session', '2 failed login attempt(s) just before the transaction', 'Funds sent to a new/unrecognized beneficiary', 'Transaction amount is unusually large for this profile']"
TXN447809c0-b,CUST00044,2026-07-05 03:17:57,84700.65,web,100.0,100.0,100.0,Critical,"['Login from an unrecognized device shortly before the transaction', 'Login originated from an unfamiliar / foreign geography', 'New device AND new geography correlated in the same session', '3 failed login attempt(s) just before the transaction', 'Funds sent to a new/unrecognized beneficiary', 'Transaction amount is unusually large for this profile']"
TXNa1b95e07-a,CUST00485,2026-06-18 09:31:22,151592.38,web,100.0,100.0,100.0,Critical,"['Login from an unrecognized device shortly before the transaction', 'Login originated from an unfamiliar / foreign geography', 'New device AND new geography correlated in the same session', '3 failed login attempt(s) just before the transaction', 'Funds sent to a new/unrecognized beneficiary', 'Transaction amount is unusually large for this profile']"
TXNa68f75ac-7,CUST00482,2026-06-26 23:52:37,249296.57,web,100.0,100.0,100.0,Critical,"['Login from an unrecognized device shortly before the transaction', 'Login originated from an unfamiliar / foreign geography', 'New device AND new geography correlated in the same session', '3 failed login attempt(s) just before the transaction', 'Funds sent to a new/unrecognized beneficiary', 'Transaction amount is unusually large for this profile']"
TXN05d04902-4,CUST00482,2026-07-05 10:12:19,127793.01,web,100.0,100.0,100.0,Critical,"['Login from an unrecognized device shortly before the transaction', 'Login originated from an unfamiliar / foreign geography', 'New device AND new geography correlated in the same session', '2 failed login attempt(s) just before the transaction', 'Funds sent to a new/unrecognized beneficiary', 'Transaction amount is unusually large for this profile']"
TXNfbb8d9fe-d,CUST00522,2026-07-03 14:53:19,105423.63,web,100.0,100.0,100.0,Critical,"['Login from an unrecognized device shortly before the transaction', 'Login originated from an unfamiliar / foreign geography', 'New device AND new geography correlated in the same session', '4 failed login attempt(s) just before the transaction', 'Funds sent to a new/unrecognized beneficiary', 'Transaction amount is unusually large for this profile']"
TXNe7270909-0,CUST00534,2026-06-20 09:18:50,35109.65,mobile,100.0,100.0,100.0,Critical,"['Login from an unrecognized device shortly before the transaction', 'Login originated from an unfamiliar / foreign geography', 'New device AND new geography correlated in the same session', '4 failed login attempt(s) just before the transaction', 'Funds sent to a new/unrecognized beneficiary', 'Transaction amount is unusually large for this profile']"
TXNd49cc547-c,CUST00042,2026-07-02 17:29:26,128471.62,web,100.0,100.0,100.0,Critical,"['Login from an unrecognized device shortly before the transaction', 'Login originated from an unfamiliar / foreign geography', 'New device AND new geography correlated in the same session', '3 failed login attempt(s) just before the transaction', 'Funds sent to a new/unrecognized beneficiary', 'Transaction amount is unusually large for this profile']"
TXN49a85d9e-d,CUST00489,2026-06-19 02:31:42,195783.96,web,100.0,100.0,100.0,Critical,"['Login from an unrecognized device shortly before the transaction', 'Login originated from an unfamiliar / foreign geography', 'New device AND new geography correlated in the same session', '4 failed login attempt(s) just before the transaction', 'Funds sent to a new/unrecognized beneficiary', 'Transaction amount is unusually large for this profile']"
TXN653d171f-c,CUST00039,2026-06-24 18:37:12,123018.17,web,100.0,100.0,100.0,Critical,"['Login from an unrecognized device shortly before the transaction', 'Login originated from an unfamiliar / foreign geography', 'New device AND new geography correlated in the same session', '2 failed login attempt(s) just before the transaction', 'Funds sent to a new/unrecognized beneficiary', 'Transaction amount is unusually large for this profile']"
TXNfae2d4a8-a,CUST00037,2026-06-30 01:35:33,47829.88,web,100.0,100.0,100.0,Critical,"['Login from an unrecognized device shortly before the transaction', 'Login originated from an unfamiliar / foreign geography', 'New device AND new geography correlated in the same session', '3 failed login attempt(s) just before the transaction', 'Funds sent to a new/unrecognized beneficiary', 'Transaction amount is unusually large for this profile']"
TXNb51f34b7-d,CUST00493,2026-06-26 10:47:35,177419.39,mobile,100.0,100.0,100.0,Critical,"['Login from an unrecognized device shortly before the transaction', 'Login originated from an unfamiliar / foreign geography', 'New device AND new geography correlated in the same session', '4 failed login attempt(s) just before the transaction', 'Funds sent to a new/unrecognized beneficiary', 'Transaction amount is unusually large for this profile']"
TXN7e8e148b-0,CUST00502,2026-06-23 09:29:08,143292.71,mobile,100.0,100.0,100.0,Critical,"['Login from an unrecognized device shortly before the transaction', 'Login originated from an unfamiliar / foreign geography', 'New device AND new geography correlated in the same session', '3 failed login attempt(s) just before the transaction', 'Funds sent to a new/unrecognized beneficiary', 'Transaction amount is unusually large for this profile']"
TXN7edf1d61-4,CUST00507,2026-07-05 23:04:00,43513.05,mobile,100.0,100.0,100.0,Critical,"['Login from an unrecognized device shortly before the transaction', 'Login originated from an unfamiliar / foreign geography', 'New device AND new geography correlated in the same session', '3 failed login attempt(s) just before the transaction', 'Funds sent to a new/unrecognized beneficiary', 'Transaction amount is unusually large for this profile']"
TXN3f8f9da4-b,CUST00506,2026-06-27 15:49:47,88428.0,mobile,100.0,100.0,100.0,Critical,"['Login from an unrecognized device shortly before the transaction', 'Login originated from an unfamiliar / foreign geography', 'New device AND new geography correlated in the same session', '3 failed login attempt(s) just before the transaction', 'Funds sent to a new/unrecognized beneficiary', 'Transaction amount is unusually large for this profile']"
TXN22897671-7,CUST00518,2026-06-29 15:08:04,120844.21,mobile,100.0,100.0,100.0,Critical,"['Login from an unrecognized device shortly before the transaction', 'Login originated from an unfamiliar / foreign geography', 'New device AND new geography correlated in the same session', '4 failed login attempt(s) just before the transaction', 'Funds sent to a new/unrecognized beneficiary', 'Transaction amount is unusually large for this profile']"
TXN4f848c31-7,CUST00516,2026-07-14 15:30:05,60486.3,web,100.0,100.0,100.0,Critical,"['Login from an unrecognized device shortly before the transaction', 'Login originated from an unfamiliar / foreign geography', 'New device AND new geography correlated in the same session', '2 failed login attempt(s) just before the transaction', 'Funds sent to a new/unrecognized beneficiary', 'Transaction amount is unusually large for this profile']"
TXN716ebe56-c,CUST00513,2026-06-17 13:16:58,178288.09,web,100.0,100.0,100.0,Critical,"['Login from an unrecognized device shortly before the transaction', 'Login originated from an unfamiliar / foreign geography', 'New device AND new geography correlated in the same session', '4 failed login attempt(s) just before the transaction', 'Funds sent to a new/unrecognized beneficiary', 'Transaction amount is unusually large for this profile']"
TXNdf61dbe1-b,CUST00524,2026-07-14 06:56:39,77144.01,web,100.0,100.0,100.0,Critical,"['Login from an unrecognized device shortly before the transaction', 'Login originated from an unfamiliar / foreign geography', 'New device AND new geography correlated in the same session', '3 failed login attempt(s) just before the transaction', 'Funds sent to a new/unrecognized beneficiary', 'Transaction amount is unusually large for this profile']"
TXN9a77c01f-8,CUST00586,2026-07-13 01:58:08,229824.54,mobile,100.0,100.0,100.0,Critical,"['Login from an unrecognized device shortly before the transaction', 'Login originated from an unfamiliar / foreign geography', 'New device AND new geography correlated in the same session', '4 failed login attempt(s) just before the transaction', 'Funds sent to a new/unrecognized beneficiary', 'Transaction amount is unusually large for this profile']"
TXNd46b78f3-2,CUST00587,2026-06-16 21:24:38,222900.78,mobile,100.0,100.0,100.0,Critical,"['Login from an unrecognized device shortly before the transaction', 'Login originated from an unfamiliar / foreign geography', 'New device AND new geography correlated in the same session', '3 failed login attempt(s) just before the transaction', 'Funds sent to a new/unrecognized beneficiary', 'Transaction amount is unusually large for this profile']"
TXN1feb1cf5-7,CUST00587,2026-06-21 02:24:06,162280.64,web,100.0,100.0,100.0,Critical,"['Login from an unrecognized device shortly before the transaction', 'Login originated from an unfamiliar / foreign geography', 'New device AND new geography correlated in the same session', '2 failed login attempt(s) just before the transaction', 'Funds sent to a new/unrecognized beneficiary', 'Transaction amount is unusually large for this profile']"
TXN1d5f9ff2-a,CUST00591,2026-06-22 04:00:58,210022.83,mobile,100.0,100.0,100.0,Critical,"['Login from an unrecognized device shortly before the transaction', 'Login originated from an unfamiliar / foreign geography', 'New device AND new geography correlated in the same session', '2 failed login attempt(s) just before the transaction', 'Funds sent to a new/unrecognized beneficiary', 'Transaction amount is unusually large for this profile']"
TXN13d69792-1,CUST00593,2026-06-29 15:29:56,188253.2,web,100.0,100.0,100.0,Critical,"['Login from an unrecognized device shortly before the transaction', 'Login originated from an unfamiliar / foreign geography', 'New device AND new geography correlated in the same session', '4 failed login attempt(s) just before the transaction', 'Funds sent to a new/unrecognized beneficiary', 'Transaction amount is unusually large for this profile']"
TXN32167340-b,CUST00004,2026-07-14 20:47:21,68395.94,mobile,100.0,100.0,100.0,Critical,"['Login from an unrecognized device shortly before the transaction', 'Login originated from an unfamiliar / foreign geography', 'New device AND new geography correlated in the same session', '4 failed login attempt(s) just before the transaction', 'Funds sent to a new/unrecognized beneficiary', 'Transaction amount is unusually large for this profile']"
TXN18e9ef77-6,CUST00003,2026-06-20 13:47:06,55425.59,web,100.0,100.0,100.0,Critical,"['Login from an unrecognized device shortly before the transaction', 'Login originated from an unfamiliar / foreign geography', 'New device AND new geography correlated in the same session', '3 failed login attempt(s) just before the transaction', 'Funds sent to a new/unrecognized beneficiary', 'Transaction amount is unusually large for this profile']"
TXN676e34be-7,CUST00469,2026-06-20 11:28:40,10493.51,web,93.0,100.0,96.8,Critical,"['Login from an unrecognized device shortly before the transaction', 'Login originated from an unfamiliar / foreign geography', 'New device AND new geography correlated in the same session', '3 failed login attempt(s) just before the transaction']"
